user_id,customer_name,email,phone_number,default_address,street,city,state,country,zip_code,program_id,created_at,password
U1001,Rahul Mehta,rahul.mehta@example.com,9876543210,"21 MG Road, Bengaluru, Karnataka 560001",21 MG Road,Bengaluru,Karnataka,India,560001,P1,2026-01-06 08:00:00,password123
U1002,Priya Nair,priya.nair@example.com,9123456780,"14 Marine Drive, Mumbai, Maharashtra 400002",14 Marine Drive,Mumbai,Maharashtra,India,400002,P2,2026-01-13 14:00:00,password123
U1003,Arjun Reddy,arjun.reddy@example.com,9988776655,"55 Banjara Hills, Hyderabad, Telangana 500034",55 Banjara Hills,Hyderabad,Telangana,India,500034,P3,2026-01-20 20:00:00,password123
U1004,Sneha Iyer,sneha.iyer@example.com,9090909090,"8 Anna Salai, Chennai, Tamil Nadu 600002",8 Anna Salai,Chennai,Tamil Nadu,India,600002,P1,2026-01-28 02:00:00,password123
U1005,Vikram Singh,vikram.singh@example.com,9871234560,"102 Civil Lines, Delhi, Delhi 110001",102 Civil Lines,Delhi,Delhi,India,110001,P2,2026-02-04 08:00:00,password123
U10005,Amaira Maharaj,amairamaharaj79@yahoo.com,7338811290,"688 Gandhi Road, Delhi, Delhi 559382",688 Gandhi Road,Delhi,Delhi,India,559382,P3,2026-02-11 14:00:00,password123
U10006,Jasmit Dewan,sanjay.verma@example.org,6274989148,"22 Temple Road, Pune, Maharashtra 680829",22 Temple Road,Pune,Maharashtra,India,680829,P1,2026-02-14 04:00:00,password123
U10007,Charan Sami,sanjay.verma@example.org,6304912982,"235 Anna Salai, Coimbatore, Tamil Nadu 132939",235 Anna Salai,Coimbatore,Tamil Nadu,India,132939,P1,2026-02-16 10:00:00,password123
U10008,Amruta Chander,amrutachander40@outlook.com,8084839399,"553 Brigade Road, Mangalore, Karnataka 698783",553 Brigade Road,Mangalore,Karnataka,India,698783,P1,2026-02-18 13:00:00,password123
U10009,Kamala Tiwari,kamalatiwari70@example.org,6405126228,"675 Lake View Road, Salem, Tamil Nadu 471508",675 Lake View Road,Salem,Tamil Nadu,India,471508,P1,2026-02-21 02:00:00,password123
U10010,Ira Saini,irasaini16@gmail.com,7729245242,"820 Anna Salai, Pune, Maharashtra 360736",820 Anna Salai,Pune,Maharashtra,India,360736,P1,2026-02-23 08:00:00,password123
U10011,Imaran Mall,imaranmall67@yahoo.com,6788075126,"474 Nehru Street, Warangal, Telangana 179047",474 Nehru Street,Warangal,Telangana,India,179047,P1,2026-02-25 11:00:00,password123
U10012,Gauri Sami,meera.rao@example.org,8363629219,"52 Park Street, Salem, Tamil Nadu 115475",52 Park Street,Salem,Tamil Nadu,India,115475,P2,2026-02-27 20:00:00,password123
U10013,Onkar Dugal,meera.rao@example.org,7015242176,"417 Station Road, Mysuru, Karnataka 604741",417 Station Road,Mysuru,Karnataka,India,604741,P3,2026-03-02 12:00:00,password123
U10014,Hritik Chaudry,hritikchaudry17@yahoo.com,6009257255,"272 Station Road, Delhi, Delhi 399106",272 Station Road,Delhi,Delhi,India,399106,P2,2026-03-05 04:00:00,password123
U10015,Sachi Chatterjee,sachichatterjee81@example.org,6815605132,"223 MG Road, Mumbai, Maharashtra 668533",223 MG Road,Mumbai,Maharashtra,India,668533,P2,2026-03-07 13:00:00,password123
U10016,Praneel Lalla,praneellalla17@gmail.com,8047791082,"942 Park Street, Kochi, Kerala 265081",942 Park Street,Kochi,Kerala,India,265081,P2,2026-03-09 18:00:00,password123
U10017,Anthony Yadav,anthonyyadav20@yahoo.com,8555656321,"692 Nehru Street, Madurai, Tamil Nadu 523390",692 Nehru Street,Madurai,Tamil Nadu,India,523390,P3,2026-03-12 06:00:00,password123
U10018,David Brar,anika.khan@example.org,7057486868,"609 MG Road, Kolkata, West Bengal 185966",609 MG Road,Kolkata,West Bengal,India,185966,P3,2026-03-14 10:00:00,password123
U10019,Radhika Handa,anika.khan@example.org,8245334677,"958 Church Street, Pune, Maharashtra 314182",958 Church Street,Pune,Maharashtra,India,314182,P2,2026-03-16 22:00:00,password123
U10020,Aradhana Kari,aradhanakari60@yahoo.com,8772404776,"469 Gandhi Road, Mumbai, Maharashtra 176067",469 Gandhi Road,Mumbai,Maharashtra,India,176067,P1,2026-03-19 10:00:00,password123
U10021,Maanav Kaul,maanavkaul82@gmail.com,8309122187,"519 Church Street, Mangalore, Karnataka 238891",519 Church Street,Mangalore,Karnataka,India,238891,P1,2026-03-21 23:00:00,password123
U10022,Sachi Mall,sachimall41@outlook.com,6677517496,"854 Park Street, Surat, Gujarat 417213",854 Park Street,Surat,Gujarat,India,417213,P2,2026-03-24 03:00:00,password123
U10023,Utkarsh Gaba,utkarshgaba80@outlook.com,6444900634,"271 Anna Salai, Bengaluru, Karnataka 212236",271 Anna Salai,Bengaluru,Karnataka,India,212236,P2,2026-03-26 10:00:00,password123
U10024,Qasim Kadakia,qasimkadakia87@yahoo.com,7472659626,"704 Church Street, Mangalore, Karnataka 629960",704 Church Street,Mangalore,Karnataka,India,629960,P1,2026-03-28 23:00:00,password123
U10025,Bimala Garg,bimalagarg16@gmail.com,7819244083,"46 MG Road, Warangal, Telangana 449760",46 MG Road,Warangal,Telangana,India,449760,P1,2026-03-31 13:00:00,password123
U10026,Jason Shere,jasonshere43@yahoo.com,7897669065,"723 Lake View Road, Thiruvananthapuram, Kerala 688154",723 Lake View Road,Thiruvananthapuram,Kerala,India,688154,P2,2026-04-03 02:00:00,password123
U10027,Ranveer Kanda,ranveerkanda98@yahoo.com,6154739678,"597 Park Street, Nagpur, Maharashtra 255288",597 Park Street,Nagpur,Maharashtra,India,255288,P1,2026-04-05 16:00:00,password123
U10028,Baghyawati Karnik,baghyawatikarnik49@outlook.com,9696689457,"921 Gandhi Road, Coimbatore, Tamil Nadu 320282",921 Gandhi Road,Coimbatore,Tamil Nadu,India,320282,P1,2026-04-08 03:00:00,password123
U10029,Amol Rattan,amolrattan55@example.org,9218981849,"948 Nehru Street, Bengaluru, Karnataka 270396",948 Nehru Street,Bengaluru,Karnataka,India,270396,P2,2026-04-10 18:00:00,password123
U10030,Krish Kakar,krishkakar13@yahoo.com,9970642689,"802 Lake View Road, Pune, Maharashtra 360223",802 Lake View Road,Pune,Maharashtra,India,360223,P2,2026-04-13 06:00:00,password123
U10031,Jagvi Tata,jagvitata99@gmail.com,9745927824,"880 Station Road, Coimbatore, Tamil Nadu 333239",880 Station Road,Coimbatore,Tamil Nadu,India,333239,P1,2026-04-15 20:00:00,password123
U10032,Rudra Dhar,rudradhar68@outlook.com,9524176919,"229 MG Road, Hyderabad, Telangana 302512",229 MG Road,Hyderabad,Telangana,India,302512,P2,2026-04-18 05:00:00,password123
U10033,Ekiya Koshy,ekiyakoshy18@outlook.com,8755143093,"410 Park Street, Kochi, Kerala 447236",410 Park Street,Kochi,Kerala,India,447236,P1,2026-04-20 12:00:00,password123
U10034,Karan Rastogi,karanrastogi43@yahoo.com,7140169349,"112 Temple Road, Coimbatore, Tamil Nadu 555674",112 Temple Road,Coimbatore,Tamil Nadu,India,555674,P1,2026-04-22 20:00:00,password123
U10035,Januja Devi,janujadevi50@example.org,8196545325,"395 Temple Road, Salem, Tamil Nadu 299313",395 Temple Road,Salem,Tamil Nadu,India,299313,P2,2026-04-25 08:00:00,password123
U10036,Chandani Batta,chandanibatta65@gmail.com,9975315062,"704 Nehru Street, Thiruvananthapuram, Kerala 481914",704 Nehru Street,Thiruvananthapuram,Kerala,India,481914,P1,2026-04-27 20:00:00,password123
U10037,Ganga Dutta,gangadutta95@outlook.com,7348257414,"738 Church Street, Salem, Tamil Nadu 631757",738 Church Street,Salem,Tamil Nadu,India,631757,P1,2026-04-30 07:00:00,password123
U10038,Bhavika Rajan,bhavikarajan51@example.org,7269829408,"131 Nehru Street, Thiruvananthapuram, Kerala 540870",131 Nehru Street,Thiruvananthapuram,Kerala,India,540870,P2,2026-05-02 19:00:00,password123
U10039,Vinaya Wadhwa,vinayawadhwa32@outlook.com,8353372386,"312 Church Street, Chennai, Tamil Nadu 320393",312 Church Street,Chennai,Tamil Nadu,India,320393,P2,2026-05-05 09:00:00,password123
U10040,Aashi Contractor,aashicontractor87@outlook.com,7897456484,"692 Nehru Street, Surat, Gujarat 636005",692 Nehru Street,Surat,Gujarat,India,636005,P2,2026-05-07 18:00:00,password123
U10041,Panini Choudhury,paninichoudhury31@gmail.com,8213849513,"344 Anna Salai, Lucknow, Uttar Pradesh 346278",344 Anna Salai,Lucknow,Uttar Pradesh,India,346278,P2,2026-05-10 04:00:00,password123
U10042,Urishilla Dugar,urishilladugar35@yahoo.com,6198486416,"487 Temple Road, Hyderabad, Telangana 176366",487 Temple Road,Hyderabad,Telangana,India,176366,P1,2026-05-12 11:00:00,password123
U10043,Aadhya Lall,aadhyalall90@yahoo.com,8990818727,"507 Lake View Road, Delhi, Delhi 355837",507 Lake View Road,Delhi,Delhi,India,355837,P1,2026-05-14 14:00:00,password123
U10044,Zashil Tripathi,zashiltripathi10@gmail.com,7825989011,"181 Park Street, Hyderabad, Telangana 587116",181 Park Street,Hyderabad,Telangana,India,587116,P2,2026-05-17 04:00:00,password123
U10045,Chatresh Tripathi,chatreshtripathi25@example.org,9442058095,"684 Park Street, Surat, Gujarat 686076",684 Park Street,Surat,Gujarat,India,686076,P1,2026-05-19 19:00:00,password123
U10046,Ganga Prakash,gangaprakash66@example.org,9894911417,"457 Brigade Road, Thiruvananthapuram, Kerala 597733",457 Brigade Road,Thiruvananthapuram,Kerala,India,597733,P3,2026-05-22 00:00:00,password123
U10047,Zilmil Acharya,zilmilacharya41@outlook.com,9340087993,"497 Nehru Street, Kochi, Kerala 387937",497 Nehru Street,Kochi,Kerala,India,387937,P1,2026-05-24 16:00:00,password123
U10048,Wishi Bahl,wishibahl46@yahoo.com,7442454200,"915 Park Street, Pune, Maharashtra 184492",915 Park Street,Pune,Maharashtra,India,184492,P1,2026-05-27 07:00:00,password123
U10049,Daksh Mohanty,dakshmohanty59@yahoo.com,6918920620,"425 Lake View Road, Madurai, Tamil Nadu 446955",425 Lake View Road,Madurai,Tamil Nadu,India,446955,P1,2026-05-29 14:00:00,password123
U10050,Barkha Khosla,barkhakhosla36@example.org,9886251649,"969 MG Road, Kolkata, West Bengal 498859",969 MG Road,Kolkata,West Bengal,India,498859,P1,2026-06-01 04:00:00,password123
U10051,Chaman Sunder,chamansunder55@outlook.com,7674979897,"552 Park Street, Ahmedabad, Gujarat 331252",552 Park Street,Ahmedabad,Gujarat,India,331252,P1,2026-06-03 13:00:00,password123
U10052,Zinal Dass,zinaldass65@example.org,7670128972,"685 Lake View Road, Pune, Maharashtra 273062",685 Lake View Road,Pune,Maharashtra,India,273062,P1,2026-06-06 04:00:00,password123
U10053,Vyanjana Gandhi,vyanjanagandhi89@gmail.com,8542160120,"679 MG Road, Kolkata, West Bengal 188026",679 MG Road,Kolkata,West Bengal,India,188026,P3,2026-06-08 07:00:00,password123
U10054,Zarna Sampath,zarnasampath69@yahoo.com,7117362852,"336 Nehru Street, Delhi, Delhi 576787",336 Nehru Street,Delhi,Delhi,India,576787,P1,2026-06-10 16:00:00,password123
U10055,Irya Muni,iryamuni58@outlook.com,9573087602,"259 Anna Salai, Ahmedabad, Gujarat 593153",259 Anna Salai,Ahmedabad,Gujarat,India,593153,P1,2026-06-12 19:00:00,password123
U10056,Ryan Sarma,ryansarma16@outlook.com,8792347639,"800 MG Road, Madurai, Tamil Nadu 132538",800 MG Road,Madurai,Tamil Nadu,India,132538,P2,2026-06-15 10:00:00,password123
U10057,Upkaar Kota,upkaarkota12@yahoo.com,6542114964,"686 Anna Salai, Jaipur, Rajasthan 691365",686 Anna Salai,Jaipur,Rajasthan,India,691365,P1,2026-06-17 16:00:00,password123
U10058,Isaiah Nigam,isaiahnigam42@outlook.com,8602289301,"987 Anna Salai, Lucknow, Uttar Pradesh 271721",987 Anna Salai,Lucknow,Uttar Pradesh,India,271721,P1,2026-06-19 22:00:00,password123
U10059,Jyoti Kannan,jyotikannan13@outlook.com,8909184445,"407 Nehru Street, Delhi, Delhi 179689",407 Nehru Street,Delhi,Delhi,India,179689,P1,2026-06-22 03:00:00,password123
U10060,Aarush Bhargava,aarushbhargava48@gmail.com,8430661792,"356 Park Street, Coimbatore, Tamil Nadu 549187",356 Park Street,Coimbatore,Tamil Nadu,India,549187,P1,2026-06-24 15:00:00,password123
U10061,Bhavna Balay,bhavnabalay92@outlook.com,9648899533,"843 Station Road, Ahmedabad, Gujarat 210666",843 Station Road,Ahmedabad,Gujarat,India,210666,P1,2026-06-27 06:00:00,password123
U10062,Bimala Varkey,bimalavarkey91@example.org,6657091982,"181 Park Street, Ahmedabad, Gujarat 383202",181 Park Street,Ahmedabad,Gujarat,India,383202,P3,2026-06-29 09:00:00,password123
U10063,Maya Sunder,mayasunder85@outlook.com,9658080160,"851 Anna Salai, Hyderabad, Telangana 392478",851 Anna Salai,Hyderabad,Telangana,India,392478,P1,2026-07-01 23:00:00,password123
U10064,Ekaja Solanki,ekajasolanki69@example.org,6123265537,"872 Gandhi Road, Jaipur, Rajasthan 290673",872 Gandhi Road,Jaipur,Rajasthan,India,290673,P1,2026-07-04 07:00:00,password123
U10065,Vritti Ray,vrittiray43@outlook.com,9780945510,"719 Church Street, Lucknow, Uttar Pradesh 682790",719 Church Street,Lucknow,Uttar Pradesh,India,682790,P1,2026-07-06 15:00:00,password123
U10066,Girish Chatterjee,girishchatterjee34@gmail.com,9092697141,"501 Park Street, Ahmedabad, Gujarat 351998",501 Park Street,Ahmedabad,Gujarat,India,351998,P1,2026-07-08 22:00:00,password123
U10067,Raagini Sampath,raaginisampath72@example.org,6074059253,"302 Nehru Street, Madurai, Tamil Nadu 524046",302 Nehru Street,Madurai,Tamil Nadu,India,524046,P2,2026-07-11 04:00:00,password123
U10068,Samesh Bhagat,sameshbhagat84@outlook.com,8377148230,"353 Lake View Road, Kochi, Kerala 677125",353 Lake View Road,Kochi,Kerala,India,677125,P1,2026-07-13 19:00:00,password123
U10069,Bhavani Rau,bhavanirau68@outlook.com,7079770569,"124 Nehru Street, Hyderabad, Telangana 430877",124 Nehru Street,Hyderabad,Telangana,India,430877,P1,2026-07-16 05:00:00,password123
U10070,Omkaar Kothari,omkaarkothari98@yahoo.com,6929364954,"284 Temple Road, Jaipur, Rajasthan 650122",284 Temple Road,Jaipur,Rajasthan,India,650122,P2,2026-07-18 12:00:00,password123
U10071,Ikshita Yadav,ikshitayadav34@outlook.com,7549972386,"310 MG Road, Mysuru, Karnataka 660082",310 MG Road,Mysuru,Karnataka,India,660082,P3,2026-07-20 18:00:00,password123
U10072,Udarsh Sami,udarshsami16@outlook.com,6542366274,"106 MG Road, Jaipur, Rajasthan 398152",106 MG Road,Jaipur,Rajasthan,India,398152,P1,2026-07-23 00:00:00,password123
U10073,Maya Shere,mayashere53@yahoo.com,7084386400,"117 Anna Salai, Jaipur, Rajasthan 520173",117 Anna Salai,Jaipur,Rajasthan,India,520173,P1,2026-07-25 14:00:00,password123
U10074,Bishakha Savant,bishakhasavant90@gmail.com,6640798731,"972 Church Street, Kolkata, West Bengal 189319",972 Church Street,Kolkata,West Bengal,India,189319,P1,2026-07-27 17:00:00,password123
U10075,Chandran Zachariah,chandranzachariah63@yahoo.com,8244431947,"462 Station Road, Delhi, Delhi 411798",462 Station Road,Delhi,Delhi,India,411798,P1,2026-07-29 22:00:00,password123
U10076,Charita Khalsa,charitakhalsa89@gmail.com,9178659381,"971 Nehru Street, Salem, Tamil Nadu 321276",971 Nehru Street,Salem,Tamil Nadu,India,321276,P1,2026-08-01 13:00:00,password123
U10077,Tanvi Sunder,tanvisunder30@yahoo.com,8370788647,"161 MG Road, Madurai, Tamil Nadu 528362",161 MG Road,Madurai,Tamil Nadu,India,528362,P2,2026-08-04 01:00:00,password123
U10078,Jalsa Rattan,jalsarattan70@outlook.com,6994182853,"724 Church Street, Mumbai, Maharashtra 576087",724 Church Street,Mumbai,Maharashtra,India,576087,P2,2026-08-06 06:00:00,password123
U10079,Ayushman Raghavan,ayushmanraghavan43@yahoo.com,6492960451,"231 Brigade Road, Thiruvananthapuram, Kerala 378536",231 Brigade Road,Thiruvananthapuram,Kerala,India,378536,P2,2026-08-08 09:00:00,password123
U10080,Aarav Lanka,aaravlanka31@outlook.com,9216748927,"944 Church Street, Kolkata, West Bengal 560486",944 Church Street,Kolkata,West Bengal,India,560486,P1,2026-08-10 18:00:00,password123
U10081,Utkarsh Sampath,utkarshsampath48@example.org,8149511642,"506 Station Road, Thiruvananthapuram, Kerala 184350",506 Station Road,Thiruvananthapuram,Kerala,India,184350,P1,2026-08-13 06:00:00,password123
U10082,Yagnesh Gupta,yagneshgupta51@outlook.com,6392245997,"985 Temple Road, Hyderabad, Telangana 121754",985 Temple Road,Hyderabad,Telangana,India,121754,P2,2026-08-15 13:00:00,password123
U10083,Janani Bhardwaj,jananibhardwaj32@example.org,8798211967,"939 Church Street, Surat, Gujarat 290306",939 Church Street,Surat,Gujarat,India,290306,P1,2026-08-17 16:00:00,password123
U10084,Nirja Bhandari,nirjabhandari72@gmail.com,7494481363,"342 Gandhi Road, Ahmedabad, Gujarat 209681",342 Gandhi Road,Ahmedabad,Gujarat,India,209681,P2,2026-08-20 03:00:00,password123
U10085,Aryan Thakkar,aryanthakkar98@example.org,8845774616,"834 Park Street, Delhi, Delhi 138480",834 Park Street,Delhi,Delhi,India,138480,P1,2026-08-22 13:00:00,password123
U10086,Barkha Trivedi,barkhatrivedi42@outlook.com,9318068090,"886 Park Street, Delhi, Delhi 101207",886 Park Street,Delhi,Delhi,India,101207,P1,2026-08-24 20:00:00,password123
U10087,Idika Biswas,idikabiswas34@outlook.com,9248898619,"641 Station Road, Jaipur, Rajasthan 154119",641 Station Road,Jaipur,Rajasthan,India,154119,P1,2026-08-27 00:00:00,password123
U10088,Bahadurjit Raval,bahadurjitraval26@outlook.com,9783207393,"125 MG Road, Jaipur, Rajasthan 350922",125 MG Road,Jaipur,Rajasthan,India,350922,P1,2026-08-29 12:00:00,password123
U10089,Darpan Baral,darpanbaral11@example.org,6965081954,"473 Anna Salai, Salem, Tamil Nadu 261451",473 Anna Salai,Salem,Tamil Nadu,India,261451,P1,2026-08-31 22:00:00,password123
U10090,Ubika Virk,ubikavirk47@outlook.com,9585112032,"484 Nehru Street, Jaipur, Rajasthan 578976",484 Nehru Street,Jaipur,Rajasthan,India,578976,P3,2026-09-03 02:00:00,password123
U10091,Nakul Jayaraman,nakuljayaraman86@yahoo.com,6299832023,"792 Lake View Road, Warangal, Telangana 456386",792 Lake View Road,Warangal,Telangana,India,456386,P1,2026-09-05 11:00:00,password123
U10092,Kashvi Lanka,kashvilanka46@outlook.com,8520878317,"676 Station Road, Kolkata, West Bengal 255814",676 Station Road,Kolkata,West Bengal,India,255814,P2,2026-09-08 03:00:00,password123
U10093,Ekaja Mital,ekajamital54@outlook.com,9276513211,"387 Station Road, Thiruvananthapuram, Kerala 437409",387 Station Road,Thiruvananthapuram,Kerala,India,437409,P1,2026-09-10 19:00:00,password123
U10094,Veer Bora,veerbora40@example.org,9676547724,"45 Gandhi Road, Ahmedabad, Gujarat 595952",45 Gandhi Road,Ahmedabad,Gujarat,India,595952,P3,2026-09-13 06:00:00,password123
U10095,Vasudha Chaudhry,vasudhachaudhry94@yahoo.com,6158998032,"515 Temple Road, Bengaluru, Karnataka 448122",515 Temple Road,Bengaluru,Karnataka,India,448122,P1,2026-09-15 12:00:00,password123
U10096,Balhaar Toor,balhaartoor66@gmail.com,9910317247,"16 Brigade Road, Surat, Gujarat 529894",16 Brigade Road,Surat,Gujarat,India,529894,P2,2026-09-17 22:00:00,password123
U10097,Kevin Palla,kevinpalla43@outlook.com,8975143612,"666 Anna Salai, Delhi, Delhi 444526",666 Anna Salai,Delhi,Delhi,India,444526,P1,2026-09-20 09:00:00,password123
U10098,Krisha Pingle,krishapingle90@example.org,8323646093,"633 Anna Salai, Coimbatore, Tamil Nadu 346175",633 Anna Salai,Coimbatore,Tamil Nadu,India,346175,P3,2026-09-22 21:00:00,password123
U10099,Gaurangi Sarma,gaurangisarma21@example.org,9265762953,"455 Brigade Road, Salem, Tamil Nadu 414013",455 Brigade Road,Salem,Tamil Nadu,India,414013,P3,2026-09-25 13:00:00,password123
U10100,Matthew Anand,matthewanand17@outlook.com,7609930218,"150 Nehru Street, Ahmedabad, Gujarat 656969",150 Nehru Street,Ahmedabad,Gujarat,India,656969,P1,2026-09-27 17:00:00,password123
U10101,Damini Desai,daminidesai33@yahoo.com,6339166473,"892 Lake View Road, Lucknow, Uttar Pradesh 352529",892 Lake View Road,Lucknow,Uttar Pradesh,India,352529,P1,2026-09-30 01:00:00,password123
U10102,Devika Chhabra,devikachhabra28@yahoo.com,8739779525,"471 Church Street, Warangal, Telangana 109854",471 Church Street,Warangal,Telangana,India,109854,P3,2026-10-02 06:00:00,password123
U10103,Madhavi Manda,madhavimanda96@yahoo.com,7897214963,"602 Church Street, Nagpur, Maharashtra 544921",602 Church Street,Nagpur,Maharashtra,India,544921,P3,2026-10-04 16:00:00,password123
U10104,Pavani Jani,pavanijani48@yahoo.com,9665047890,"110 Nehru Street, Jaipur, Rajasthan 499890",110 Nehru Street,Jaipur,Rajasthan,India,499890,P1,2026-10-06 20:00:00,password123
U10105,Yashawini Suresh,yashawinisuresh99@outlook.com,9564984187,"282 MG Road, Delhi, Delhi 693420",282 MG Road,Delhi,Delhi,India,693420,P1,2026-10-09 05:00:00,password123
U10106,Jeremiah Chanda,jeremiahchanda73@outlook.com,9431078106,"622 Gandhi Road, Hyderabad, Telangana 329643",622 Gandhi Road,Hyderabad,Telangana,India,329643,P3,2026-10-11 08:00:00,password123
U10107,Siddharth Basu,siddharthbasu96@yahoo.com,6417315900,"317 Station Road, Coimbatore, Tamil Nadu 134986",317 Station Road,Coimbatore,Tamil Nadu,India,134986,P2,2026-10-13 23:00:00,password123
U10108,Osha De,oshade21@outlook.com,9210405862,"180 Nehru Street, Ahmedabad, Gujarat 238580",180 Nehru Street,Ahmedabad,Gujarat,India,238580,P2,2026-10-16 12:00:00,password123
U10109,Gaurika Sathe,gaurikasathe44@yahoo.com,9925810350,"991 Church Street, Jaipur, Rajasthan 455169",991 Church Street,Jaipur,Rajasthan,India,455169,P1,2026-10-18 20:00:00,password123
U10110,Tanay Choudhury,tanaychoudhury19@yahoo.com,6969007714,"991 Park Street, Delhi, Delhi 483543",991 Park Street,Delhi,Delhi,India,483543,P1,2026-10-21 03:00:00,password123
U10111,Baljiwan Banik,baljiwanbanik11@outlook.com,6530809576,"378 Church Street, Surat, Gujarat 499535",378 Church Street,Surat,Gujarat,India,499535,P2,2026-10-23 18:00:00,password123
U10112,Falak Sani,falaksani39@example.org,8660933507,"336 Temple Road, Thiruvananthapuram, Kerala 332121",336 Temple Road,Thiruvananthapuram,Kerala,India,332121,P1,2026-10-26 05:00:00,password123
U10113,Devansh Morar,devanshmorar69@outlook.com,7753617371,"144 MG Road, Salem, Tamil Nadu 139020",144 MG Road,Salem,Tamil Nadu,India,139020,P2,2026-10-28 08:00:00,password123
U10114,Anusha Parmar,anushaparmar24@gmail.com,9810749722,"139 Lake View Road, Thiruvananthapuram, Kerala 575680",139 Lake View Road,Thiruvananthapuram,Kerala,India,575680,P3,2026-10-30 21:00:00,password123
U10115,Kritika Chauhan,kritikachauhan99@example.org,9188021127,"907 Lake View Road, Bengaluru, Karnataka 203832",907 Lake View Road,Bengaluru,Karnataka,India,203832,P2,2026-11-02 03:00:00,password123
U10116,Tanvi Dubey,tanvidubey45@gmail.com,7591414076,"455 Station Road, Mangalore, Karnataka 347583",455 Station Road,Mangalore,Karnataka,India,347583,P2,2026-11-04 15:00:00,password123
U10117,Gautami Goel,gautamigoel97@outlook.com,9872755741,"63 Lake View Road, Nagpur, Maharashtra 389283",63 Lake View Road,Nagpur,Maharashtra,India,389283,P1,2026-11-07 05:00:00,password123
U10118,Samuel Gola,samuelgola68@gmail.com,6910987546,"995 MG Road, Lucknow, Uttar Pradesh 153036",995 MG Road,Lucknow,Uttar Pradesh,India,153036,P3,2026-11-09 16:00:00,password123
U10119,Tripti Kothari,triptikothari26@yahoo.com,9564040452,"213 Temple Road, Thiruvananthapuram, Kerala 326442",213 Temple Road,Thiruvananthapuram,Kerala,India,326442,P1,2026-11-12 05:00:00,password123
U10120,Kiaan Chokshi,kiaanchokshi28@gmail.com,9686826237,"134 Park Street, Bengaluru, Karnataka 362830",134 Park Street,Bengaluru,Karnataka,India,362830,P1,2026-11-14 09:00:00,password123
U10121,Rayaan Singhal,rayaansinghal13@yahoo.com,7538638860,"603 Gandhi Road, Hyderabad, Telangana 116548",603 Gandhi Road,Hyderabad,Telangana,India,116548,P1,2026-11-16 16:00:00,password123
U10122,Indrajit Sharma,indrajitsharma26@example.org,6488120041,"488 Station Road, Madurai, Tamil Nadu 479626",488 Station Road,Madurai,Tamil Nadu,India,479626,P1,2026-11-18 19:00:00,password123
U10123,Parth Kari,parthkari38@gmail.com,9363934309,"309 Station Road, Kochi, Kerala 132664",309 Station Road,Kochi,Kerala,India,132664,P1,2026-11-21 06:00:00,password123
U10124,Isaac Hans,isaachans61@example.org,6463692519,"730 Station Road, Jaipur, Rajasthan 177061",730 Station Road,Jaipur,Rajasthan,India,177061,P3,2026-11-23 20:00:00,password123
U10125,Ryan Mallick,ryanmallick28@gmail.com,7181184718,"649 Temple Road, Lucknow, Uttar Pradesh 674994",649 Temple Road,Lucknow,Uttar Pradesh,India,674994,P1,2026-11-26 09:00:00,password123
U10126,Maya Panchal,mayapanchal86@outlook.com,8171325343,"441 Anna Salai, Lucknow, Uttar Pradesh 219972",441 Anna Salai,Lucknow,Uttar Pradesh,India,219972,P1,2026-11-28 14:00:00,password123
U10127,Ryan Bala,ryanbala39@example.org,9553738511,"409 Lake View Road, Surat, Gujarat 199705",409 Lake View Road,Surat,Gujarat,India,199705,P1,2026-12-01 00:00:00,password123
U10128,Leena Gokhale,leenagokhale95@outlook.com,6655579180,"69 Anna Salai, Jaipur, Rajasthan 189512",69 Anna Salai,Jaipur,Rajasthan,India,189512,P1,2026-12-03 08:00:00,password123
U10129,Kevin Chopra,kevinchopra57@yahoo.com,6257616339,"980 Park Street, Kolkata, West Bengal 688968",980 Park Street,Kolkata,West Bengal,India,688968,P1,2026-12-05 16:00:00,password123
U10130,Pooja Murthy,poojamurthy62@outlook.com,8857615772,"889 MG Road, Ahmedabad, Gujarat 401602",889 MG Road,Ahmedabad,Gujarat,India,401602,P2,2026-12-08 03:00:00,password123
U10131,Yashodhara D’Alia,yashodharad’alia83@yahoo.com,8820660931,"230 Anna Salai, Jaipur, Rajasthan 467122",230 Anna Salai,Jaipur,Rajasthan,India,467122,P1,2026-12-10 19:00:00,password123
U10132,Ikshita Kumar,ikshitakumar45@yahoo.com,7843023757,"998 Temple Road, Thiruvananthapuram, Kerala 683784",998 Temple Road,Thiruvananthapuram,Kerala,India,683784,P1,2026-12-13 00:00:00,password123
U10133,Anthony Agarwal,anthonyagarwal94@outlook.com,6774881143,"720 Church Street, Warangal, Telangana 456332",720 Church Street,Warangal,Telangana,India,456332,P2,2026-12-15 15:00:00,password123
U10134,Rajata Sankar,rajatasankar28@example.org,6609346980,"94 Park Street, Chennai, Tamil Nadu 325584",94 Park Street,Chennai,Tamil Nadu,India,325584,P1,2026-12-17 18:00:00,password123
U10135,Oni Murthy,onimurthy53@yahoo.com,7338472296,"796 Temple Road, Pune, Maharashtra 189084",796 Temple Road,Pune,Maharashtra,India,189084,P1,2026-12-19 22:00:00,password123
U10136,David Tripathi,davidtripathi89@gmail.com,6350389989,"454 Lake View Road, Warangal, Telangana 609254",454 Lake View Road,Warangal,Telangana,India,609254,P1,2026-12-22 06:00:00,password123
U10137,Tara Narain,taranarain37@gmail.com,7846465000,"291 Temple Road, Salem, Tamil Nadu 610272",291 Temple Road,Salem,Tamil Nadu,India,610272,P1,2026-12-24 19:00:00,password123
U10138,Neelima Datta,neelimadatta60@gmail.com,6877990647,"969 Nehru Street, Mumbai, Maharashtra 243902",969 Nehru Street,Mumbai,Maharashtra,India,243902,P1,2026-12-27 03:00:00,password123
U10139,Ucchal Raghavan,ucchalraghavan25@gmail.com,9208401216,"180 Brigade Road, Ahmedabad, Gujarat 498677",180 Brigade Road,Ahmedabad,Gujarat,India,498677,P1,2026-12-29 06:00:00,password123
U10140,Gagan Ravi,gaganravi95@outlook.com,7705407682,"447 MG Road, Coimbatore, Tamil Nadu 582088",447 MG Road,Coimbatore,Tamil Nadu,India,582088,P1,2026-12-31 16:00:00,password123
U10141,Aadi Mangat,aadimangat83@example.org,7736983049,"297 Anna Salai, Ahmedabad, Gujarat 524708",297 Anna Salai,Ahmedabad,Gujarat,India,524708,P2,2027-01-02 20:00:00,password123
U10142,Henry Nagy,henrynagy31@example.org,8961852565,"91 Lake View Road, Nagpur, Maharashtra 211006",91 Lake View Road,Nagpur,Maharashtra,India,211006,P3,2027-01-05 08:00:00,password123
U10143,Viraj Sathe,virajsathe61@gmail.com,9738873895,"764 Gandhi Road, Mumbai, Maharashtra 332336",764 Gandhi Road,Mumbai,Maharashtra,India,332336,P1,2027-01-08 00:00:00,password123
U10144,Yashodhara Solanki,yashodharasolanki19@gmail.com,8190227431,"928 Gandhi Road, Mangalore, Karnataka 468155",928 Gandhi Road,Mangalore,Karnataka,India,468155,P2,2027-01-10 09:00:00,password123
U10145,Frado Mander,fradomander28@outlook.com,6745172634,"157 Anna Salai, Lucknow, Uttar Pradesh 285752",157 Anna Salai,Lucknow,Uttar Pradesh,India,285752,P1,2027-01-12 20:00:00,password123
U10146,Charita Keer,charitakeer82@example.org,9969212295,"659 Temple Road, Kolkata, West Bengal 438909",659 Temple Road,Kolkata,West Bengal,India,438909,P1,2027-01-15 02:00:00,password123
U10147,Jeevika Issac,jeevikaissac18@example.org,8711778437,"816 Church Street, Mumbai, Maharashtra 158901",816 Church Street,Mumbai,Maharashtra,India,158901,P1,2027-01-17 15:00:00,password123
U10148,Amaira Batra,amairabatra49@example.org,6161521910,"378 Church Street, Coimbatore, Tamil Nadu 180459",378 Church Street,Coimbatore,Tamil Nadu,India,180459,P1,2027-01-20 01:00:00,password123
U10149,Jason Bora,jasonbora74@example.org,8492495810,"978 MG Road, Thiruvananthapuram, Kerala 571580",978 MG Road,Thiruvananthapuram,Kerala,India,571580,P2,2027-01-22 11:00:00,password123
U10150,Vedant Hayer,vedanthayer70@yahoo.com,7934982045,"831 Gandhi Road, Salem, Tamil Nadu 188426",831 Gandhi Road,Salem,Tamil Nadu,India,188426,P1,2027-01-24 21:00:00,password123
U10151,Rehaan Ratta,rehaanratta66@example.org,8245185702,"163 Gandhi Road, Lucknow, Uttar Pradesh 490964",163 Gandhi Road,Lucknow,Uttar Pradesh,India,490964,P1,2027-01-27 00:00:00,password123
U10152,Falak Ahluwalia,falakahluwalia53@gmail.com,8709637214,"68 Gandhi Road, Pune, Maharashtra 199097",68 Gandhi Road,Pune,Maharashtra,India,199097,P1,2027-01-29 11:00:00,password123
U10153,Unnati Kanda,unnatikanda94@yahoo.com,6350048353,"680 Brigade Road, Kolkata, West Bengal 466814",680 Brigade Road,Kolkata,West Bengal,India,466814,P1,2027-02-01 02:00:00,password123
U10154,Yochana Shetty,yochanashetty99@example.org,8555682594,"318 Park Street, Madurai, Tamil Nadu 494977",318 Park Street,Madurai,Tamil Nadu,India,494977,P3,2027-02-03 10:00:00,password123
U10155,Kritika Dara,kritikadara95@gmail.com,8879586763,"521 Gandhi Road, Ahmedabad, Gujarat 119117",521 Gandhi Road,Ahmedabad,Gujarat,India,119117,P2,2027-02-05 15:00:00,password123
U10156,Ekani Shetty,ekanishetty37@outlook.com,8088517710,"232 Brigade Road, Mangalore, Karnataka 262472",232 Brigade Road,Mangalore,Karnataka,India,262472,P1,2027-02-08 04:00:00,password123
U10157,Nathan Thaman,nathanthaman22@gmail.com,7446391956,"135 Temple Road, Lucknow, Uttar Pradesh 495020",135 Temple Road,Lucknow,Uttar Pradesh,India,495020,P1,2027-02-10 19:00:00,password123
U10158,Tanay Dutt,tanaydutt98@yahoo.com,7879792991,"421 Gandhi Road, Coimbatore, Tamil Nadu 349069",421 Gandhi Road,Coimbatore,Tamil Nadu,India,349069,P1,2027-02-13 08:00:00,password123
U10159,Varenya Lad,varenyalad67@yahoo.com,7027220866,"989 Station Road, Mumbai, Maharashtra 303441",989 Station Road,Mumbai,Maharashtra,India,303441,P2,2027-02-15 22:00:00,password123
U10160,Manya Verma,manyaverma83@example.org,9304713421,"797 Lake View Road, Mumbai, Maharashtra 627336",797 Lake View Road,Mumbai,Maharashtra,India,627336,P2,2027-02-18 09:00:00,password123
U10161,Kashvi Maharaj,kashvimaharaj35@yahoo.com,7073755632,"657 Station Road, Coimbatore, Tamil Nadu 489245",657 Station Road,Coimbatore,Tamil Nadu,India,489245,P3,2027-02-20 19:00:00,password123
U10162,Thomas Mangal,thomasmangal76@gmail.com,6360240905,"280 Station Road, Mysuru, Karnataka 638290",280 Station Road,Mysuru,Karnataka,India,638290,P2,2027-02-23 11:00:00,password123
U10163,Jacob Nayak,jacobnayak21@yahoo.com,7937579958,"953 MG Road, Nagpur, Maharashtra 535051",953 MG Road,Nagpur,Maharashtra,India,535051,P2,2027-02-25 18:00:00,password123
U10164,Nathaniel Devi,nathanieldevi57@yahoo.com,6350492684,"230 MG Road, Nagpur, Maharashtra 434166",230 MG Road,Nagpur,Maharashtra,India,434166,P1,2027-02-28 10:00:00,password123
U10165,Faqid Rajagopal,faqidrajagopal93@outlook.com,6627276995,"40 Church Street, Bengaluru, Karnataka 595405",40 Church Street,Bengaluru,Karnataka,India,595405,P2,2027-03-02 19:00:00,password123
U10166,Faraj Bhatt,farajbhatt70@example.org,6022553699,"20 Church Street, Madurai, Tamil Nadu 326131",20 Church Street,Madurai,Tamil Nadu,India,326131,P2,2027-03-05 10:00:00,password123
U10167,Sarthak Narayanan,sarthaknarayanan87@example.org,9333636070,"244 Church Street, Mumbai, Maharashtra 227768",244 Church Street,Mumbai,Maharashtra,India,227768,P1,2027-03-07 22:00:00,password123
U10168,Viraj Bhatia,virajbhatia91@example.org,6476131010,"612 Park Street, Jaipur, Rajasthan 117234",612 Park Street,Jaipur,Rajasthan,India,117234,P1,2027-03-10 02:00:00,password123
U10169,Harshil Ramachandran,harshilramachandran47@example.org,8640587058,"247 Temple Road, Nagpur, Maharashtra 536803",247 Temple Road,Nagpur,Maharashtra,India,536803,P2,2027-03-12 06:00:00,password123
U10170,Advaith Sood,advaithsood20@outlook.com,8259408103,"520 Park Street, Thiruvananthapuram, Kerala 681071",520 Park Street,Thiruvananthapuram,Kerala,India,681071,P2,2027-03-14 09:00:00,password123
U10171,Aarush Misra,aarushmisra70@gmail.com,7661642599,"260 MG Road, Nagpur, Maharashtra 474441",260 MG Road,Nagpur,Maharashtra,India,474441,P1,2027-03-16 13:00:00,password123
U10172,Robert Yohannan,robertyohannan94@gmail.com,8499255738,"137 MG Road, Pune, Maharashtra 469413",137 MG Road,Pune,Maharashtra,India,469413,P1,2027-03-19 02:00:00,password123
U10173,Widisha Kanda,widishakanda32@example.org,8055275742,"831 Brigade Road, Mysuru, Karnataka 166166",831 Brigade Road,Mysuru,Karnataka,India,166166,P2,2027-03-21 17:00:00,password123
U10174,Urmi Sunder,urmisunder35@gmail.com,6856716405,"324 Church Street, Coimbatore, Tamil Nadu 640419",324 Church Street,Coimbatore,Tamil Nadu,India,640419,P1,2027-03-24 07:00:00,password123
U10175,Saumya Nayar,saumyanayar79@example.org,6157284993,"293 Gandhi Road, Mangalore, Karnataka 150127",293 Gandhi Road,Mangalore,Karnataka,India,150127,P3,2027-03-26 22:00:00,password123
U10176,Gayathri Sibal,gayathrisibal57@example.org,9192482284,"917 Lake View Road, Surat, Gujarat 455506",917 Lake View Road,Surat,Gujarat,India,455506,P1,2027-03-29 05:00:00,password123
U10177,Devansh Ramesh,devanshramesh73@outlook.com,8230272804,"821 Anna Salai, Warangal, Telangana 545121",821 Anna Salai,Warangal,Telangana,India,545121,P1,2027-03-31 14:00:00,password123
U10178,Agastya Sangha,agastyasangha33@outlook.com,6440654676,"336 Church Street, Madurai, Tamil Nadu 421385",336 Church Street,Madurai,Tamil Nadu,India,421385,P1,2027-04-03 05:00:00,password123
U10179,Vedhika Gopal,vedhikagopal64@yahoo.com,7906571986,"458 MG Road, Nagpur, Maharashtra 469686",458 MG Road,Nagpur,Maharashtra,India,469686,P2,2027-04-05 13:00:00,password123
U10180,Leena Raghavan,leenaraghavan17@gmail.com,8738095498,"373 Park Street, Delhi, Delhi 267759",373 Park Street,Delhi,Delhi,India,267759,P1,2027-04-08 03:00:00,password123
U10181,Nihal Sha,nihalsha87@example.org,6542153826,"242 Gandhi Road, Madurai, Tamil Nadu 479743",242 Gandhi Road,Madurai,Tamil Nadu,India,479743,P1,2027-04-10 16:00:00,password123
U10182,Pahal Raghavan,pahalraghavan14@yahoo.com,7932402710,"381 Station Road, Nagpur, Maharashtra 180621",381 Station Road,Nagpur,Maharashtra,India,180621,P3,2027-04-12 19:00:00,password123
U10183,Liam Krishnan,liamkrishnan60@outlook.com,7196963451,"984 Anna Salai, Hyderabad, Telangana 127173",984 Anna Salai,Hyderabad,Telangana,India,127173,P1,2027-04-15 08:00:00,password123
U10184,Banjeet Bahl,banjeetbahl59@gmail.com,9328447109,"721 Station Road, Warangal, Telangana 324994",721 Station Road,Warangal,Telangana,India,324994,P1,2027-04-17 21:00:00,password123
U10185,Pushti Kapur,pushtikapur72@yahoo.com,6582949109,"463 Brigade Road, Madurai, Tamil Nadu 566733",463 Brigade Road,Madurai,Tamil Nadu,India,566733,P2,2027-04-20 04:00:00,password123
U10186,Bakhshi Balasubramanian,bakhshibalasubramanian50@outlook.com,6278911214,"556 Church Street, Thiruvananthapuram, Kerala 414528",556 Church Street,Thiruvananthapuram,Kerala,India,414528,P2,2027-04-22 08:00:00,password123
U10187,Jatin Bahri,jatinbahri99@yahoo.com,7552597094,"230 Anna Salai, Kochi, Kerala 310744",230 Anna Salai,Kochi,Kerala,India,310744,P2,2027-04-24 22:00:00,password123
U10188,Faraj Date,farajdate73@gmail.com,8379503963,"378 Station Road, Kolkata, West Bengal 678444",378 Station Road,Kolkata,West Bengal,India,678444,P1,2027-04-27 13:00:00,password123
U10189,Warjas Kamdar,warjaskamdar21@gmail.com,7710084067,"539 Lake View Road, Jaipur, Rajasthan 529323",539 Lake View Road,Jaipur,Rajasthan,India,529323,P2,2027-04-29 21:00:00,password123
U10190,Viraj Pillay,virajpillay50@gmail.com,8000738353,"353 Brigade Road, Kochi, Kerala 678084",353 Brigade Road,Kochi,Kerala,India,678084,P1,2027-05-02 04:00:00,password123
U10191,Fiyaz Gade,fiyazgade26@example.org,9911479401,"852 Anna Salai, Coimbatore, Tamil Nadu 643270",852 Anna Salai,Coimbatore,Tamil Nadu,India,643270,P2,2027-05-04 14:00:00,password123
U10192,Nachiket Bal,nachiketbal30@outlook.com,6968387506,"971 Park Street, Nagpur, Maharashtra 397847",971 Park Street,Nagpur,Maharashtra,India,397847,P1,2027-05-07 01:00:00,password123
U10193,Nachiket Ranganathan,nachiketranganathan91@outlook.com,8684450592,"630 Park Street, Mumbai, Maharashtra 197967",630 Park Street,Mumbai,Maharashtra,India,197967,P1,2027-05-09 15:00:00,password123
U10194,Hardik Kibe,hardikkibe84@yahoo.com,8829236141,"738 Temple Road, Lucknow, Uttar Pradesh 454020",738 Temple Road,Lucknow,Uttar Pradesh,India,454020,P1,2027-05-11 20:00:00,password123
U10195,Charan Dara,charandara13@gmail.com,8755022797,"272 Nehru Street, Kolkata, West Bengal 699930",272 Nehru Street,Kolkata,West Bengal,India,699930,P2,2027-05-14 01:00:00,password123
U10196,Prisha Walia,prishawalia13@example.org,8343237444,"658 Church Street, Mumbai, Maharashtra 606405",658 Church Street,Mumbai,Maharashtra,India,606405,P2,2027-05-16 04:00:00,password123
U10197,Tanish Biswas,tanishbiswas97@example.org,7947957237,"706 MG Road, Madurai, Tamil Nadu 265760",706 MG Road,Madurai,Tamil Nadu,India,265760,P2,2027-05-18 17:00:00,password123
U10198,Panini Arora,paniniarora69@yahoo.com,8605585995,"321 Gandhi Road, Bengaluru, Karnataka 462148",321 Gandhi Road,Bengaluru,Karnataka,India,462148,P1,2027-05-21 00:00:00,password123
U10199,Wishi Cherian,wishicherian57@gmail.com,7038256217,"126 Church Street, Surat, Gujarat 571436",126 Church Street,Surat,Gujarat,India,571436,P1,2027-05-23 08:00:00,password123
